,x,test-y,ideal-25_y,delta-y_ideal-25_y
8,-15.5,-11166.14,-11166.625,0.4850000000005821
33,-4.1,-201.09651,-201.763,0.6664900000000102
36,-2.9,-68.749565,-68.167,0.5825650000000024
42,-1.0,2.1515043,2.0,0.15150430000000004
50,1.1,9.401569,8.993,0.40856899999999996
60,6.7,906.75336,907.289,0.5356399999999439
74,15.0,10130.192,10130.0,0.19199999999909778
82,17.3,15538.486,15538.151,0.3350000000009459
